﻿{"frames": {

"iterated_peep0000":
{
	"frame": {"x":10,"y":10,"w":302,"h":402},
	"rotated": false,
	"trimmed": false,
	"spriteSourceSize": {"x":0,"y":0,"w":302,"h":402},
	"sourceSize": {"w":302,"h":402}
},
"iterated_peep0001":
{
	"frame": {"x":322,"y":10,"w":302,"h":402},
	"rotated": false,
	"trimmed": false,
	"spriteSourceSize": {"x":0,"y":0,"w":302,"h":402},
	"sourceSize": {"w":302,"h":402}
},
"iterated_peep0002":
{
	"frame": {"x":634,"y":10,"w":302,"h":402},
	"rotated": false,
	"trimmed": false,
	"spriteSourceSize": {"x":0,"y":0,"w":302,"h":402},
	"sourceSize": {"w":302,"h":402}
},
"iterated_peep0003":
{
	"frame": {"x":946,"y":10,"w":302,"h":402},
	"rotated": false,
	"trimmed": false,
	"spriteSourceSize": {"x":0,"y":0,"w":302,"h":402},
	"sourceSize": {"w":302,"h":402}
},
"iterated_peep0004":
{
	"frame": {"x":1258,"y":10,"w":302,"h":402},
	"rotated": false,
	"trimmed": false,
	"spriteSourceSize": {"x":0,"y":0,"w":302,"h":402},
	"sourceSize": {"w":302,"h":402}
},
"iterated_peep0005":
{
	"frame": {"x":1570,"y":10,"w":302,"h":402},
	"rotated": false,
	"trimmed": false,
	"spriteSourceSize": {"x":0,"y":0,"w":302,"h":402},
	"sourceSize": {"w":302,"h":402}
},
"iterated_peep0006":
{
	"frame": {"x":10,"y":422,"w":302,"h":402},
	"rotated": false,
	"trimmed": false,
	"spriteSourceSize": {"x":0,"y":0,"w":302,"h":402},
	"sourceSize": {"w":302,"h":402}
},
"iterated_peep0007":
{
	"frame": {"x":322,"y":422,"w":302,"h":402},
	"rotated": false,
	"trimmed": false,
	"spriteSourceSize": {"x":0,"y":0,"w":302,"h":402},
	"sourceSize": {"w":302,"h":402}
},
"iterated_peep0008":
{
	"frame": {"x":634,"y":422,"w":302,"h":402},
	"rotated": false,
	"trimmed": false,
	"spriteSourceSize": {"x":0,"y":0,"w":302,"h":402},
	"sourceSize": {"w":302,"h":402}
},
"iterated_peep0009":
{
	"frame": {"x":946,"y":422,"w":302,"h":402},
	"rotated": false,
	"trimmed": false,
	"spriteSourceSize": {"x":0,"y":0,"w":302,"h":402},
	"sourceSize": {"w":302,"h":402}
},
"iterated_peep0010":
{
	"frame": {"x":1258,"y":422,"w":302,"h":402},
	"rotated": false,
	"trimmed": false,
	"spriteSourceSize": {"x":0,"y":0,"w":302,"h":402},
	"sourceSize": {"w":302,"h":402}
},
"iterated_peep0011":
{
	"frame": {"x":1570,"y":422,"w":302,"h":402},
	"rotated": false,
	"trimmed": false,
	"spriteSourceSize": {"x":0,"y":0,"w":302,"h":402},
	"sourceSize": {"w":302,"h":402}
},
"iterated_peep0012":
{
	"frame": {"x":10,"y":834,"w":302,"h":402},
	"rotated": false,
	"trimmed": false,
	"spriteSourceSize": {"x":0,"y":0,"w":302,"h":402},
	"sourceSize": {"w":302,"h":402}
},
"iterated_peep0013":
{
	"frame": {"x":322,"y":834,"w":302,"h":402},
	"rotated": false,
	"trimmed": false,
	"spriteSourceSize": {"x":0,"y":0,"w":302,"h":402},
	"sourceSize": {"w":302,"h":402}
},
"iterated_peep0014":
{
	"frame": {"x":634,"y":834,"w":302,"h":402},
	"rotated": false,
	"trimmed": false,
	"spriteSourceSize": {"x":0,"y":0,"w":302,"h":402},
	"sourceSize": {"w":302,"h":402}
},
"iterated_peep0015":
{
	"frame": {"x":946,"y":834,"w":302,"h":402},
	"rotated": false,
	"trimmed": false,
	"spriteSourceSize": {"x":0,"y":0,"w":302,"h":402},
	"sourceSize": {"w":302,"h":402}
},
"iterated_peep0016":
{
	"frame": {"x":1258,"y":834,"w":302,"h":402},
	"rotated": false,
	"trimmed": false,
	"spriteSourceSize": {"x":0,"y":0,"w":302,"h":402},
	"sourceSize": {"w":302,"h":402}
},
"iterated_peep0017":
{
	"frame": {"x":1570,"y":834,"w":302,"h":402},
	"rotated": false,
	"trimmed": false,
	"spriteSourceSize": {"x":0,"y":0,"w":302,"h":402},
	"sourceSize": {"w":302,"h":402}
},
"iterated_peep0018":
{
	"frame": {"x":10,"y":1246,"w":302,"h":402},
	"rotated": false,
	"trimmed": false,
	"spriteSourceSize": {"x":0,"y":0,"w":302,"h":402},
	"sourceSize": {"w":302,"h":402}
},
"iterated_peep0019":
{
	"frame": {"x":322,"y":1246,"w":302,"h":402},
	"rotated": false,
	"trimmed": false,
	"spriteSourceSize": {"x":0,"y":0,"w":302,"h":402},
	"sourceSize": {"w":302,"h":402}
},
"iterated_peep0020":
{
	"frame": {"x":634,"y":1246,"w":302,"h":402},
	"rotated": false,
	"trimmed": false,
	"spriteSourceSize": {"x":0,"y":0,"w":302,"h":402},
	"sourceSize": {"w":302,"h":402}
},
"iterated_peep0021":
{
	"frame": {"x":946,"y":1246,"w":302,"h":402},
	"rotated": false,
	"trimmed": false,
	"spriteSourceSize": {"x":0,"y":0,"w":302,"h":402},
	"sourceSize": {"w":302,"h":402}
},
"iterated_peep0022":
{
	"frame": {"x":1258,"y":1246,"w":302,"h":402},
	"rotated": false,
	"trimmed": false,
	"spriteSourceSize": {"x":0,"y":0,"w":302,"h":402},
	"sourceSize": {"w":302,"h":402}
}},
"meta": {
	"app": "Adobe Animate",
	"version": "15.2.0.66",
	"image": "iterated_peep.png",
	"format": "RGBA8888",
	"size": {"w":2048,"h":2048},
	"scale": "1"
}
}
